{"cameraMode":{"drawMode":0,"name":"Shaded","section":"Shading Mode"},"sceneLighting":true,"audioPlay":false,"sceneViewState":{"m_AlwaysRefresh":false,"showFog":true,"showSkybox":true,"showFlares":true,"showImageEffects":true,"showParticleSystems":true,"showVisualEffectGraphs":true,"m_FxEnabled":true},"in2DMode":false,"pivot":{"x":-4.176847457885742,"y":-6.237224578857422,"z":57.513633728027347},"rotation":{"x":0.7279977798461914,"y":-0.0010283690644428135,"z":0.0010919955093413592,"w":0.6855782270431519},"size":8.89612102508545,"orthographic":true}