{"cameraMode":{"drawMode":0,"name":"Shaded","section":"Shading Mode"},"sceneLighting":false,"audioPlay":false,"sceneViewState":{"m_AlwaysRefresh":false,"showFog":true,"showSkybox":false,"showFlares":true,"showImageEffects":true,"showParticleSystems":true,"showVisualEffectGraphs":true,"m_FxEnabled":true},"in2DMode":false,"pivot":{"x":5.029003143310547,"y":0.7860008478164673,"z":39.972434997558597},"rotation":{"x":-0.10714522749185562,"y":-0.13173656165599824,"z":0.014323155395686627,"w":-0.9853788614273071},"size":1.0089411735534669,"orthographic":false}