{"cameraMode":{"drawMode":0,"name":"Shaded","section":"Shading Mode"},"sceneLighting":false,"audioPlay":false,"sceneViewState":{"m_AlwaysRefresh":false,"showFog":true,"showSkybox":false,"showFlares":true,"showImageEffects":true,"showParticleSystems":true,"showVisualEffectGraphs":true,"m_FxEnabled":true},"in2DMode":false,"pivot":{"x":394.06500244140627,"y":164.05999755859376,"z":-2.1800003051757814},"rotation":{"x":-0.00922354869544506,"y":-0.13547976315021516,"z":0.0012606014497578145,"w":-0.9907413125038147},"size":0.8660253882408142,"orthographic":false}